[
  {
    "id": "ddf47056-1332-45dc-815c-6324973c1b1c",
    "data": [
      {
        "text": "when is my next humira injection",
        "userDefined": false
      }
    ],
    "isTemplate": false,
    "count": 0,
    "updated": 0
  },
  {
    "id": "c1312b50-bcfc-4547-ab53-6f308fd2251e",
    "data": [
      {
        "text": "when do I have to take humira",
        "userDefined": false
      }
    ],
    "isTemplate": false,
    "count": 0,
    "updated": 0
  },
  {
    "id": "7b107892-9749-4d1c-9cf0-c04020f0f5eb",
    "data": [
      {
        "text": "when should I take humira next",
        "userDefined": false
      }
    ],
    "isTemplate": false,
    "count": 0,
    "updated": 0
  },
  {
    "id": "5f97e4bb-a6d5-4f3f-be36-956a05c3f86f",
    "data": [
      {
        "text": "when do I need to take my medicine",
        "userDefined": false
      }
    ],
    "isTemplate": false,
    "count": 0,
    "updated": 0
  },
  {
    "id": "8ad06516-d73e-409c-ba8e-6f3718786e69",
    "data": [
      {
        "text": "what do I need to take",
        "userDefined": false
      }
    ],
    "isTemplate": false,
    "count": 0,
    "updated": 0
  },
  {
    "id": "3d31986c-92e0-4566-a5a9-987adc91b824",
    "data": [
      {
        "text": "tell me about my medication",
        "userDefined": false
      }
    ],
    "isTemplate": false,
    "count": 0,
    "updated": 0
  }
]