[
  {
    "id": "e394dd97-b7c8-4e85-bfde-fcd63bd55326",
    "data": [
      {
        "text": "Hey google, I\u0027m ready for my injection",
        "userDefined": false
      }
    ],
    "isTemplate": false,
    "count": 0,
    "updated": 0
  },
  {
    "id": "5e533131-273b-4bb9-8bbb-0eb92fd471db",
    "data": [
      {
        "text": "I\u0027m ready for my injection",
        "userDefined": false
      }
    ],
    "isTemplate": false,
    "count": 0,
    "updated": 0
  },
  {
    "id": "25795c78-b2d3-49ae-81a1-6c4d28411ad5",
    "data": [
      {
        "text": "I\u0027m ready for my Humira injection",
        "userDefined": false
      }
    ],
    "isTemplate": false,
    "count": 0,
    "updated": 0
  },
  {
    "id": "b3904c45-c708-4d8c-9886-f26f9f64c171",
    "data": [
      {
        "text": "Hey google, I\u0027m ready for my Humira injection",
        "userDefined": false
      }
    ],
    "isTemplate": false,
    "count": 0,
    "updated": 0
  }
]