[
  {
    "id": "d5fe28b0-a168-4e50-886a-a68464ce7d64",
    "data": [
      {
        "text": "Elisa",
        "alias": "name",
        "meta": "@sys.given-name",
        "userDefined": false
      }
    ],
    "isTemplate": false,
    "count": 0,
    "updated": 0
  },
  {
    "id": "3b7578e3-7d91-4f4b-89cc-d705287b92e6",
    "data": [
      {
        "text": "I\u0027m ",
        "userDefined": false
      },
      {
        "text": "Sid",
        "alias": "name",
        "meta": "@sys.given-name",
        "userDefined": false
      }
    ],
    "isTemplate": false,
    "count": 0,
    "updated": 0
  },
  {
    "id": "3db5f64d-9605-423f-a252-5024faae76b9",
    "data": [
      {
        "text": "My name is ",
        "userDefined": false
      },
      {
        "text": "Danny",
        "alias": "name",
        "meta": "@sys.given-name",
        "userDefined": false
      }
    ],
    "isTemplate": false,
    "count": 0,
    "updated": 0
  }
]