[
  {
    "id": "9d4a9507-153d-4103-804f-60c3fa0c8c97",
    "data": [
      {
        "text": "Yes please set a timer",
        "userDefined": false
      }
    ],
    "isTemplate": false,
    "count": 0,
    "updated": 0
  },
  {
    "id": "a65e57f1-93a2-49b1-ae0b-9e0548f98220",
    "data": [
      {
        "text": "Yes, set the timer",
        "userDefined": false
      }
    ],
    "isTemplate": false,
    "count": 0,
    "updated": 0
  },
  {
    "id": "38a0e3da-2e12-49a9-a092-d7c255f755cc",
    "data": [
      {
        "text": "Set the timer",
        "userDefined": false
      }
    ],
    "isTemplate": false,
    "count": 0,
    "updated": 0
  },
  {
    "id": "ebf03364-a2d7-416a-b522-df8e87ac3d47",
    "data": [
      {
        "text": "Yes, set a timer",
        "userDefined": false
      }
    ],
    "isTemplate": false,
    "count": 0,
    "updated": 0
  }
]